{"gamm_m": 0.01, "tau_m": 0.01, "mu_m": 0.0, "alph_nu": 0.0, "beta_nu": 0.25, "K_seedling": 100000, "K_adult": 10000, "eta": 0.0005, "alph_m": 0.1271877041929692, "beta_m": 0.37517752838904644, "sigm_m": 0.8028769594047704, "gamm_nu": 0.530732376236195, "kappa": 1.8702241726442435}