{"tau_m": 0.0, "mu_m": 0.0, "alph_nu": 0.0, "beta_nu": 0.0, "gamm_nu": 0.0, "kappa": 0.0, "K_adult": 1000.0, "K_seedling": 0.0, "alph_m": 0.30965480906321846, "beta_m": 0.28420795367927854, "gamm_m": 0.00789289283022156, "sigm_m": 1.2675013731371858}