{"gamm_m": 0.01, "tau_m": 0.01, "mu_m": 0.0, "alph_nu": 0.0, "beta_nu": 0.25, "K_seedling": 84482.5935949838, "K_adult": 14080.432265830634, "alph_m": 0.16893641212991414, "beta_m": 0.3011442085730912, "sigm_m": 0.9689255460547057, "gamm_nu": 0.34691955399278873, "kappa": 1.4047292514317073}