{"gamm_m": 0.01, "tau_m": 0.01, "mu_m": 0.0, "alph_nu": 0.0, "beta_nu": 0.25, "K_seedling": 84482.5935949838, "K_adult": 14080.432265830634, "alph_m": 0.16745554816348826, "beta_m": 0.29497269354846123, "sigm_m": 1.0465961678024505, "gamm_nu": 0.30925879425390934, "kappa": 1.543259100344961}