{"gamm_m": 0.01, "tau_m": 0.01, "beta_nu": 0.1, "gamm_nu": 0.1, "K_seedling": 60000, "kappa": 0.4, "K_adult": 16000, "eta": 0.02, "mu_m": 0.0, "alph_m": 0.19810650685190268, "beta_m": 0.24983743590156382, "sigm_m": 1.1527337011768286, "alph_nu": 0.2678434186723715}