{"gamm_m": 0.01, "tau_m": 0.01, "mu_m": 0.0, "alph_nu": 0.0, "beta_nu": 0.1, "gamm_nu": 0.25, "K_adult": 16000, "kappa": 0.4, "eta": 0.02, "alph_m": 0.25599229708418086, "beta_m": 0.2815643928239018, "sigm_m": 1.1900067855267147, "K_seedling": 110944.9152767862}