{"gamm_m": 0.01, "tau_m": 0.0, "mu_m": 0.0, "alph_nu": 0.0, "beta_nu": 0.0, "gamm_nu": 0.0, "kappa": 0.0, "K_adult": 1.0, "K_seedling": 0.0, "alph_m": 0.38054459720749567, "beta_m": 0.32771484634419557, "sigm_m": 1.1847225916746784}