{"gamm_m": 0.01, "tau_m": 0.01, "mu_m": 0.0, "alph_nu": 0.0, "beta_nu": 0.25, "K_seedling": 60000, "K_adult": 10000, "eta": 0.0005, "alph_m": 0.11381140433377979, "beta_m": 0.372083539354763, "sigm_m": 1.0157204096066703, "gamm_nu": 0.38898115623457113, "kappa": 1.917438573366949}