{"gamm_m": 0.01, "tau_m": 0.01, "mu_m": 0.0, "alph_nu": 0.0, "beta_nu": 0.25, "K_seedling": 50000, "K_adult": 16000, "kappa": 0.4, "eta": 0.0005, "alph_m": 0.20839876927344037, "beta_m": 0.28271061933785363, "sigm_m": 1.180197985613292, "gamm_nu": 0.31477250642960225}