{"gamm_m": 0.01, "tau_m": 0.01, "mu_m": 0.0, "alph_nu": 0.0, "beta_nu": 0.25, "K_seedling": 27000, "K_adult": 10000, "eta": 0.0005, "alph_m": 0.12080289604671729, "beta_m": 0.37217149414563355, "sigm_m": 0.9312411957575424, "gamm_nu": 0.4508152390626752, "kappa": 1.310189864248992}