{"gamm_m": 0.01, "tau_m": 0.01, "mu_m": 0.0, "alph_nu": 0.0, "beta_nu": 0.25, "K_adult": 10000, "eta": 0.0005, "alph_m": 0.14650480417690556, "beta_m": 0.42990046314267, "sigm_m": 0.9612432176922403, "gamm_nu": 0.42258671046454327, "K_seedling": 69836.61504692576, "kappa": 1.2161272143192905}