{"gamm_m": 0.01, "tau_m": 0.01, "mu_m": 0.0, "alph_nu": 0.0, "beta_nu": 0.25, "K_seedling": 84482.5935949838, "K_adult": 14080.432265830634, "alph_m": 0.16746157612732615, "beta_m": 0.29497509354597523, "sigm_m": 1.0466496420959641, "gamm_nu": 0.3092435923376387, "kappa": 1.543090381410531}