{"gamm_m": 0.01, "tau_m": 0.01, "mu_m": 0.0, "alph_nu": 0.0, "beta_nu": 0.25, "K_seedling": 60000, "kappa": 0.6, "K_adult": 10000, "eta": 0.0005, "alph_m": 0.29586758053914475, "beta_m": 0.38876142720369267, "sigm_m": 1.297199336841449, "gamm_nu": 0.08231503822737282}