{"gamm_m": 0.01, "tau_m": 0.0, "mu_m": 0.0, "alph_nu": 0.0, "beta_nu": 0.0, "gamm_nu": 0.0, "kappa": 0.0, "K_adult": 1.0, "K_seedling": 0.0, "alph_m": 0.380566434011733, "beta_m": 0.327730991940239, "sigm_m": 1.1847347259515026}