{"gamm_m": 0.01, "tau_m": 0.01, "mu_m": 0.0, "alph_nu": 0.0, "beta_nu": 0.25, "K_seedling": 60000, "K_adult": 10000, "eta": 0.0005, "alph_m": 0.11923600610476123, "beta_m": 0.4503193391540052, "sigm_m": 0.8436692122683228, "gamm_nu": 0.5445031101471397, "kappa": 1.1389208123467265}