{"gamm_m": 0.01, "tau_m": 0.01, "mu_m": 0.0, "alph_nu": 0.0, "beta_nu": 0.25, "K_seedling": 50000, "kappa": 0.1, "K_adult": 10000, "eta": 0.0005, "alph_m": 0.31866514361135057, "beta_m": 0.36003234657296246, "sigm_m": 1.411396305060299, "gamm_nu": 0.06519810021223718}