{"gamm_m": 0.01, "tau_m": 0.0, "mu_m": 0.0, "alph_nu": 0.0, "beta_nu": 0.0, "alph_m": 0.1780628202324052, "beta_m": 0.33885730464113695, "sigm_m": 0.8833455458018958, "gamm_nu": 0.37136836753303937, "kappa": 1.4385812056143366, "K_adult": 12285.841089706419}