{"gamm_m": 0.01, "tau_m": 0.01, "beta_nu": 0.1, "gamm_nu": 0.1, "kappa": 0.4, "eta": 0.02, "mu_m": 0.0, "alph_m": 0.19755122591657712, "beta_m": 0.2557152887464324, "sigm_m": 1.1982246662229254, "alph_nu": 0.362108732994628, "K_adult": 20677.073916487097}