{"rho_max": 202.74016933205064, "eta_rho": 0.4349820690200333, "a_mature": 32.99562157212593, "sigm_max": 0.7620484647902221, "eta_sigm": 0.5822578004555318}