{"eta_sigm": 1, "rho_max": 189.85612241189196, "eta_rho": 0.20583669595168785, "a_mature": 40.09906327228886, "sigm_max": 0.7501447785868046}