{"rho_max": 202.73538821521817, "eta_rho": 0.4350092955506232, "a_mature": 32.99473463334202, "sigm_max": 0.7619973821736415, "eta_sigm": 0.5822985209109489}