{"eta_sigm": 1, "rho_max": 184.92355673385407, "eta_rho": 0.3026602823030257, "a_mature": 39.22216177479466, "sigm_max": 0.5488894669261294}