{"eta_sigm": 1, "rho_max": 184.93402886189727, "eta_rho": 0.3026470269728373, "a_mature": 39.22302150870729, "sigm_max": 0.5488806862446194}