{"rho_max": 202.7374996635924, "eta_rho": 0.4349887777054938, "a_mature": 32.99509875567237, "sigm_max": 0.7619825299040645, "eta_sigm": 0.5822899923935999}