{"eta_sigm": -1e+50, "rho_max": 358.18573081807057, "eta_rho": 0.27874570780860863, "a_mature": 39.67954567920458, "sigm_max": 1.0576980501287552}